RFx Type,RFQ Title,Description,Procurement Type,Delivery Terms,Department,Cost Center,Delivery Location,Item Name,Qty,Payment Terms,vendor
Request for Proposal,RFQ-QUO-2026-CONTAINER-HANDLING-00001,Capex purchase for facility upgrade,Both,Ex-Works (EXW),DevOps,Production,"TATA STEEL LIMITED-Registered, Mumbai, Maharashtra, 400063",Container Handling Services,19,30% Advance 70% on Delivery,kewec91896@bitmah.com
Request for Proposal,RFQ-QUO-2026-TRANSPORTATION-CHARGES-00002,Sample procurement for quality assessment,Indigenous,Free on Board (FOB),Maintenance,Logistics,"TATA STEEL LIMITED-Registered, Mumbai, Maharashtra, 400063",Transportation Charges,19,PDC (Post-Dated Cheque),witoh97990@bitmah.com
Request for Quotation,RFQ-QUO-2026-SHIPPING-CLEARING-00003,Pilot project trial order,Import,Door Delivery,Sales,Logistics,"TATA STEEL LIMITED-Registered, Mumbai, Maharashtra, 400063",Shipping & Clearing Charges,19,PDC (Post-Dated Cheque),pidecad161@acanok.com
Request for Quotation,RFQ-QUO-2026-CONTAINER-HANDLING-00004,Plant commissioning phase requirement,Import,Freight on Truck (FOT),Sales,Procurement,"TATA STEEL LIMITED-Registered, Mumbai, Maharashtra, 400063",Container Handling Services,9,DA (Documents against Acceptance) / DP (Documents against Payment),kewec91896@bitmah.com
Request for Proposal,RFQ-QUO-2026-CONCRETE-BREAKING-00005,Compliance-driven procurement requirement,Indigenous,Door Delivery,Maintenance,Procurement,"TATA STEEL LIMITED-Registered, Mumbai, Maharashtra, 400063",CONCRETE BREAKING FOR FURNACE FLOOR,15,DA (Documents against Acceptance) / DP (Documents against Payment),witoh97990@bitmah.com
Request for Quotation,RFQ-QUO-2026-CONCRETE-BREAKING-00006,Long-term supply agreement requirement,Indigenous,Free on Board (FOB),Legal,Finance,"TATA STEEL LIMITED-Registered, Mumbai, Maharashtra, 400063",CONCRETE BREAKING FOR FURNACE FLOOR,150,LC (Letter of Credit),pidecad161@acanok.com
Request for Proposal,RFQ-QUO-2026-OTHERS-EXPENSES-00007,Bulk order for production line expansion,Import,Freight on Truck (FOT),Customer Support,Finance,"TATA STEEL LIMITED-Registered, Mumbai, Maharashtra, 400063",Others Expenses (Export),5,RTGS / NEFT on Delivery,kewec91896@bitmah.com
Request for Quotation,RFQ-QUO-2026-OTHERS-EXPENSES-00008,Compliance-driven procurement requirement,Indigenous,Free on Road (FOR) Origin,DevOps,Stores,"TATA STEEL LIMITED-Registered, Mumbai, Maharashtra, 400063",Others Expenses (Export),9,DA (Documents against Acceptance) / DP (Documents against Payment),witoh97990@bitmah.com
Request for Proposal,RFQ-QUO-2026-CONTAINER-HANDLING-00009,Sample procurement for quality assessment,Both,Delivered at Place (DAP),Logistics,Stores,"TATA STEEL LIMITED-Registered, Mumbai, Maharashtra, 400063",Container Handling Services,7,Milestone-Based Payment,pidecad161@acanok.com
Request for Proposal,RFQ-QUO-2026-CONTAINER-HANDLING-00010,Critical spare for plant operations,Indigenous,Door Delivery,Marketing,Logistics,"TATA STEEL LIMITED-Registered, Mumbai, Maharashtra, 400063",Container Handling Services,16,CAD (Cash Against Delivery / Documents),kewec91896@bitmah.com
Request for Quotation,RFQ-QUO-2026-OTHERS-EXPENSES-00011,Replacement parts for routine maintenance,Both,Free on Road (FOR) Origin,Engineering,Logistics,"TATA STEEL LIMITED-Registered, Mumbai, Maharashtra, 400063",Others Expenses (Export),19,DA (Documents against Acceptance) / DP (Documents against Payment),witoh97990@bitmah.com
Request for Proposal,RFQ-QUO-2026-CUSTOM-DUTY-00012,Annual maintenance shutdown supplies,Indigenous,Free on Board (FOB),Finance,Maintenance,"TATA STEEL LIMITED-Registered, Mumbai, Maharashtra, 400063",Custom Duty,19,LC (Letter of Credit),pidecad161@acanok.com
Request for Proposal,RFQ-QUO-2026-PROCESSING-CHARGES-00013,Emergency stock replenishment,Indigenous,Free on Road (FOR) Origin,Marketing,Production,"TATA STEEL LIMITED-Registered, Mumbai, Maharashtra, 400063",Processing Charges,2,LC (Letter of Credit),kewec91896@bitmah.com
Request for Proposal,RFQ-QUO-2026-CONTAINER-HANDLING-00014,Standard procurement for inventory build-up,Import,Delivered at Place (DAP),Procurement,Procurement,"TATA STEEL LIMITED-Registered, Mumbai, Maharashtra, 400063",Container Handling Services,17,PDC (Post-Dated Cheque),witoh97990@bitmah.com
Request for Quotation,RFQ-QUO-2026-PROCESSING-CHARGES-00015,Emergency stock replenishment,Import,Door Delivery,Quality Assurance,Finance,"TATA STEEL LIMITED-Registered, Mumbai, Maharashtra, 400063",Processing Charges,6,Milestone-Based Payment,pidecad161@acanok.com
Request for Quotation,RFQ-QUO-2026-CUSTOM-DUTY-00016,Special grade material for export order,Both,Free on Board (FOB),Procurement,Finance,"TATA STEEL LIMITED-Registered, Mumbai, Maharashtra, 400063",Custom Duty,4,50% Advance 50% on Delivery,kewec91896@bitmah.com
Request for Proposal,RFQ-QUO-2026-CONCRETE-BREAKING-00017,Routine consumables for daily operations,Indigenous,Free on Board (FOB),Customer Support,Stores,"TATA STEEL LIMITED-Registered, Mumbai, Maharashtra, 400063",CONCRETE BREAKING FOR FURNACE FLOOR,10,CAD (Cash Against Delivery / Documents),witoh97990@bitmah.com
Request for Proposal,RFQ-QUO-2026-CONCRETE-BREAKING-00018,Annual maintenance shutdown supplies,Import,Free on Board (FOB),Procurement,Logistics,"TATA STEEL LIMITED-Registered, Mumbai, Maharashtra, 400063",CONCRETE BREAKING FOR FURNACE FLOOR,150,25% Advance 75% on Delivery,pidecad161@acanok.com
Request for Quotation,RFQ-QUO-2026-DOCUMENTATION-CHARGES-00019,Sample procurement for quality assessment,Import,Delivered at Place (DAP),Legal,Stores,"TATA STEEL LIMITED-Registered, Mumbai, Maharashtra, 400063",Documentation Charges,11,Milestone-Based Payment,kewec91896@bitmah.com
Request for Proposal,RFQ-QUO-2026-SHIPPING-CLEARING-00020,Compliance-driven procurement requirement,Indigenous,Delivered Duty Paid (DDP),Engineering,Logistics,"TATA STEEL LIMITED-Registered, Mumbai, Maharashtra, 400063",Shipping & Clearing Charges,1,PDC (Post-Dated Cheque),witoh97990@bitmah.com
Request for Proposal,RFQ-QUO-2026-TERMINAL-HANDLING-00021,Replacement parts for routine maintenance,Import,Free on Road (FOR) Destination,Engineering,Procurement,"TATA STEEL LIMITED-Registered, Mumbai, Maharashtra, 400063",TERMINAL HANDLING CH,75,30% Advance 70% on Delivery,pidecad161@acanok.com
Request for Quotation,RFQ-QUO-2026-CONCRETE-BREAKING-00022,Special grade material for export order,Indigenous,Delivered at Place (DAP),Sales,Production,"TATA STEEL LIMITED-Registered, Mumbai, Maharashtra, 400063",CONCRETE BREAKING FOR FURNACE FLOOR,250,CAD (Cash Against Delivery / Documents),kewec91896@bitmah.com
Request for Proposal,RFQ-QUO-2026-OTHERS-EXPENSES-00023,Special grade material for export order,Both,Free on Road (FOR) Destination,Production,Production,"TATA STEEL LIMITED-Registered, Mumbai, Maharashtra, 400063",Others Expenses (Export),16,PDC (Post-Dated Cheque),witoh97990@bitmah.com
Request for Proposal,RFQ-QUO-2026-CONCRETE-BREAKING-00024,Replacement for damaged equipment on site,Import,Free on Board (FOB),Product Management,Production,"TATA STEEL LIMITED-Registered, Mumbai, Maharashtra, 400063",CONCRETE BREAKING FOR PUMP HOUSE,100,30% Advance 70% on Delivery,pidecad161@acanok.com
Request for Proposal,RFQ-QUO-2026-OTHERS-EXPENSES-00025,Compliance-driven procurement requirement,Import,Free on Road (FOR) Destination,Stores,Production,"TATA STEEL LIMITED-Registered, Mumbai, Maharashtra, 400063",Others Expenses (Export),13,Milestone-Based Payment,kewec91896@bitmah.com
Request for Proposal,RFQ-QUO-2026-PROCESSING-CHARGES-00026,Strategic sourcing for cost optimization,Both,Delivered Duty Paid (DDP),Maintenance,Maintenance,"TATA STEEL LIMITED-Registered, Mumbai, Maharashtra, 400063",Processing Charges,12,Bank Guarantee (BG),witoh97990@bitmah.com
Request for Proposal,RFQ-QUO-2026-CUSTOM-DUTY-00027,Pilot project trial order,Import,Free on Board (FOB),Stores,Finance,"TATA STEEL LIMITED-Registered, Mumbai, Maharashtra, 400063",Custom Duty,2,PDC (Post-Dated Cheque),pidecad161@acanok.com
Request for Proposal,RFQ-QUO-2026-PRECARRIAGE-CHARGE-00028,Quarterly procurement as per annual contract,Both,Cost & Freight (C&F),Marketing,Production,"TATA STEEL LIMITED-Registered, Mumbai, Maharashtra, 400063",PRECARRIAGE CHARGE,10,DA (Documents against Acceptance) / DP (Documents against Payment),kewec91896@bitmah.com
Request for Proposal,RFQ-QUO-2026-CONCRETE-BREAKING-00029,New project setup material requirement,Indigenous,Door Delivery,Procurement,Procurement,"TATA STEEL LIMITED-Registered, Mumbai, Maharashtra, 400063",CONCRETE BREAKING FOR PUMP HOUSE,100,LC (Letter of Credit),witoh97990@bitmah.com
Request for Proposal,RFQ-QUO-2026-PRECARRIAGE-CHARGE-00030,Capex purchase for facility upgrade,Import,"Cost, Insurance & Freight (CIF)",Sales,Finance,"TATA STEEL LIMITED-Registered, Mumbai, Maharashtra, 400063",PRECARRIAGE CHARGE,19,LC (Letter of Credit),pidecad161@acanok.com
Request for Proposal,RFQ-QUO-2026-PROCESSING-CHARGES-00031,Routine consumables for daily operations,Both,Delivered Duty Paid (DDP),Product Management,Procurement,"TATA STEEL LIMITED-Registered, Mumbai, Maharashtra, 400063",Processing Charges,13,RTGS / NEFT on Delivery,kewec91896@bitmah.com
Request for Quotation,RFQ-QUO-2026-DOCUMENTATION-CHARGES-00032,Emergency stock replenishment,Both,Free on Board (FOB),Procurement,Stores,"TATA STEEL LIMITED-Registered, Mumbai, Maharashtra, 400063",Documentation Charges,4,50% Advance 50% on Delivery,witoh97990@bitmah.com
Request for Proposal,RFQ-QUO-2026-OTHERS-EXPENSES-00033,Sample procurement for quality assessment,Indigenous,Ex-Works (EXW),Maintenance,Stores,"TATA STEEL LIMITED-Registered, Mumbai, Maharashtra, 400063",Others Expenses (Export),1,Milestone-Based Payment,pidecad161@acanok.com
Request for Proposal,RFQ-QUO-2026-PRECARRIAGE-CHARGE-00034,Annual maintenance shutdown supplies,Import,Door Delivery,Legal,Logistics,"TATA STEEL LIMITED-Registered, Mumbai, Maharashtra, 400063",PRECARRIAGE CHARGE,8,PDC (Post-Dated Cheque),kewec91896@bitmah.com
Request for Proposal,RFQ-QUO-2026-CUSTOM-DUTY-00035,Quarterly procurement as per annual contract,Indigenous,Cost & Freight (C&F),Marketing,Stores,"TATA STEEL LIMITED-Registered, Mumbai, Maharashtra, 400063",Custom Duty,4,50% Advance 50% on Delivery,witoh97990@bitmah.com
Request for Quotation,RFQ-QUO-2026-CONTAINER-HANDLING-00036,Bulk order for production line expansion,Both,Door Delivery,Maintenance,Maintenance,"TATA STEEL LIMITED-Registered, Mumbai, Maharashtra, 400063",Container Handling Services,3,30% Advance 70% on Delivery,pidecad161@acanok.com
Request for Proposal,RFQ-QUO-2026-EMERGENCY-RISK-00037,Replacement parts for routine maintenance,Both,"Cost, Insurance & Freight (CIF)",Logistics,Maintenance,"TATA STEEL LIMITED-Registered, Mumbai, Maharashtra, 400063",EMERGENCY RISK SURCHARGE,2,PDC (Post-Dated Cheque),kewec91896@bitmah.com
Request for Quotation,RFQ-QUO-2026-EMERGENCY-RISK-00038,Strategic sourcing for cost optimization,Indigenous,Delivered Duty Paid (DDP),Engineering,Finance,"TATA STEEL LIMITED-Registered, Mumbai, Maharashtra, 400063",EMERGENCY RISK SURCHARGE,5,CAD (Cash Against Delivery / Documents),witoh97990@bitmah.com
Request for Quotation,RFQ-QUO-2026-TERMINAL-HANDLING-00039,New project setup material requirement,Import,Free on Road (FOR) Destination,DevOps,Maintenance,"TATA STEEL LIMITED-Registered, Mumbai, Maharashtra, 400063",TERMINAL HANDLING CH,20,50% Advance 50% on Delivery,pidecad161@acanok.com
Request for Quotation,RFQ-QUO-2026-EMERGENCY-RISK-00040,Long-term supply agreement requirement,Import,"Cost, Insurance & Freight (CIF)",Legal,Stores,"TATA STEEL LIMITED-Registered, Mumbai, Maharashtra, 400063",EMERGENCY RISK SURCHARGE,15,Milestone-Based Payment,kewec91896@bitmah.com
Request for Proposal,RFQ-QUO-2026-CONCRETE-BREAKING-00041,Urgent requirement for upcoming project deadline,Import,Door Delivery,Stores,Procurement,"TATA STEEL LIMITED-Registered, Mumbai, Maharashtra, 400063",CONCRETE BREAKING FOR FURNACE FLOOR,25,Milestone-Based Payment,witoh97990@bitmah.com
Request for Quotation,RFQ-QUO-2026-DOCUMENTATION-CHARGES-00042,Annual maintenance shutdown supplies,Indigenous,"Cost, Insurance & Freight (CIF)",Logistics,Logistics,"TATA STEEL LIMITED-Registered, Mumbai, Maharashtra, 400063",Documentation Charges,9,30% Advance 70% on Delivery,pidecad161@acanok.com
Request for Proposal,RFQ-QUO-2026-CUSTOM-DUTY-00043,Sample procurement for quality assessment,Indigenous,Free on Road (FOR) Origin,Maintenance,Stores,"TATA STEEL LIMITED-Registered, Mumbai, Maharashtra, 400063",Custom Duty,10,PDC (Post-Dated Cheque),kewec91896@bitmah.com
Request for Proposal,RFQ-QUO-2026-CUSTOM-DUTY-00044,Replacement parts for routine maintenance,Import,Freight on Truck (FOT),Logistics,Procurement,"TATA STEEL LIMITED-Registered, Mumbai, Maharashtra, 400063",Custom Duty,1,30% Advance 70% on Delivery,witoh97990@bitmah.com
Request for Proposal,RFQ-QUO-2026-EMERGENCY-RISK-00045,Quarterly procurement as per annual contract,Import,"Cost, Insurance & Freight (CIF)",Customer Support,Production,"TATA STEEL LIMITED-Registered, Mumbai, Maharashtra, 400063",EMERGENCY RISK SURCHARGE,20,25% Advance 75% on Delivery,pidecad161@acanok.com
Request for Proposal,RFQ-QUO-2026-CONCRETE-BREAKING-00046,Replacement for damaged equipment on site,Indigenous,Cost & Freight (C&F),Product Management,Procurement,"TATA STEEL LIMITED-Registered, Mumbai, Maharashtra, 400063",CONCRETE BREAKING FOR FURNACE FLOOR,1000,PDC (Post-Dated Cheque),kewec91896@bitmah.com
Request for Proposal,RFQ-QUO-2026-CUSTOM-DUTY-00047,Replacement parts for routine maintenance,Indigenous,"Cost, Insurance & Freight (CIF)",Maintenance,Maintenance,"TATA STEEL LIMITED-Registered, Mumbai, Maharashtra, 400063",Custom Duty,17,RTGS / NEFT on Delivery,witoh97990@bitmah.com
Request for Proposal,RFQ-QUO-2026-TRANSPORTATION-CHARGES-00048,Strategic sourcing for cost optimization,Import,Free on Road (FOR) Origin,Production,Stores,"TATA STEEL LIMITED-Registered, Mumbai, Maharashtra, 400063",Transportation Charges,12,CAD (Cash Against Delivery / Documents),pidecad161@acanok.com
Request for Proposal,RFQ-QUO-2026-CUSTOM-DUTY-00049,Standard procurement for inventory build-up,Both,"Cost, Insurance & Freight (CIF)",Maintenance,Logistics,"TATA STEEL LIMITED-Registered, Mumbai, Maharashtra, 400063",Custom Duty,17,30% Advance 70% on Delivery,kewec91896@bitmah.com
Request for Quotation,RFQ-QUO-2026-CONCRETE-BREAKING-00050,Critical spare for plant operations,Indigenous,Freight on Truck (FOT),Quality Assurance,Finance,"TATA STEEL LIMITED-Registered, Mumbai, Maharashtra, 400063",CONCRETE BREAKING FOR PUMP HOUSE,25,PDC (Post-Dated Cheque),witoh97990@bitmah.com
Request for Proposal,RFQ-QUO-2026-SHIPPING-CLEARING-00051,Urgent requirement for upcoming project deadline,Indigenous,Ex-Works (EXW),Product Management,Maintenance,"TATA STEEL LIMITED-Registered, Mumbai, Maharashtra, 400063",Shipping & Clearing Charges,17,LC (Letter of Credit),pidecad161@acanok.com
Request for Quotation,RFQ-QUO-2026-CUSTOM-DUTY-00052,Urgent requirement for upcoming project deadline,Indigenous,Delivered at Place (DAP),Logistics,Production,"TATA STEEL LIMITED-Registered, Mumbai, Maharashtra, 400063",Custom Duty,20,RTGS / NEFT on Delivery,kewec91896@bitmah.com
Request for Quotation,RFQ-QUO-2026-TERMINAL-HANDLING-00053,Plant commissioning phase requirement,Indigenous,Delivered at Place (DAP),Legal,Finance,"TATA STEEL LIMITED-Registered, Mumbai, Maharashtra, 400063",TERMINAL HANDLING CH,5,DA (Documents against Acceptance) / DP (Documents against Payment),witoh97990@bitmah.com
Request for Proposal,RFQ-QUO-2026-PRECARRIAGE-CHARGE-00054,Standard procurement for inventory build-up,Both,Delivered at Place (DAP),Production,Procurement,"TATA STEEL LIMITED-Registered, Mumbai, Maharashtra, 400063",PRECARRIAGE CHARGE,10,Milestone-Based Payment,pidecad161@acanok.com
Request for Quotation,RFQ-QUO-2026-CUSTOM-DUTY-00055,Strategic sourcing for cost optimization,Both,Ex-Works (EXW),Stores,Finance,"TATA STEEL LIMITED-Registered, Mumbai, Maharashtra, 400063",Custom Duty,8,CAD (Cash Against Delivery / Documents),kewec91896@bitmah.com
Request for Proposal,RFQ-QUO-2026-CONCRETE-BREAKING-00056,Emergency stock replenishment,Both,Ex-Works (EXW),Quality Assurance,Finance,"TATA STEEL LIMITED-Registered, Mumbai, Maharashtra, 400063",CONCRETE BREAKING FOR FURNACE FLOOR,200,LC (Letter of Credit),witoh97990@bitmah.com
Request for Quotation,RFQ-QUO-2026-DOCUMENTATION-CHARGES-00057,Strategic sourcing for cost optimization,Indigenous,Free on Road (FOR) Origin,DevOps,Stores,"TATA STEEL LIMITED-Registered, Mumbai, Maharashtra, 400063",Documentation Charges,11,LC (Letter of Credit),pidecad161@acanok.com
Request for Quotation,RFQ-QUO-2026-CONTAINER-HANDLING-00058,Quarterly procurement as per annual contract,Both,Freight on Truck (FOT),Finance,Stores,"TATA STEEL LIMITED-Registered, Mumbai, Maharashtra, 400063",Container Handling Services,10,25% Advance 75% on Delivery,kewec91896@bitmah.com
Request for Proposal,RFQ-QUO-2026-SHIPPING-CLEARING-00059,Compliance-driven procurement requirement,Indigenous,Door Delivery,Marketing,Logistics,"TATA STEEL LIMITED-Registered, Mumbai, Maharashtra, 400063",Shipping & Clearing Charges,3,DA (Documents against Acceptance) / DP (Documents against Payment),witoh97990@bitmah.com
Request for Proposal,RFQ-QUO-2026-CUSTOM-DUTY-00060,Vendor diversification initiative order,Indigenous,Delivered at Place (DAP),Product Management,Stores,"TATA STEEL LIMITED-Registered, Mumbai, Maharashtra, 400063",Custom Duty,2,LC (Letter of Credit),pidecad161@acanok.com
Request for Quotation,RFQ-QUO-2026-EMERGENCY-RISK-00061,Plant commissioning phase requirement,Indigenous,Free on Road (FOR) Origin,Finance,Stores,"TATA STEEL LIMITED-Registered, Mumbai, Maharashtra, 400063",EMERGENCY RISK SURCHARGE,17,LC (Letter of Credit),kewec91896@bitmah.com
Request for Quotation,RFQ-QUO-2026-PRECARRIAGE-CHARGE-00062,Routine consumables for daily operations,Import,Door Delivery,DevOps,Stores,"TATA STEEL LIMITED-Registered, Mumbai, Maharashtra, 400063",PRECARRIAGE CHARGE,7,Bank Guarantee (BG),witoh97990@bitmah.com
Request for Quotation,RFQ-QUO-2026-PRECARRIAGE-CHARGE-00063,Critical spare for plant operations,Both,Freight on Truck (FOT),Stores,Logistics,"TATA STEEL LIMITED-Registered, Mumbai, Maharashtra, 400063",PRECARRIAGE CHARGE,4,DA (Documents against Acceptance) / DP (Documents against Payment),pidecad161@acanok.com
Request for Proposal,RFQ-QUO-2026-TERMINAL-HANDLING-00064,Replacement for damaged equipment on site,Indigenous,Cost & Freight (C&F),Stores,Procurement,"TATA STEEL LIMITED-Registered, Mumbai, Maharashtra, 400063",TERMINAL HANDLING CH,25,RTGS / NEFT on Delivery,kewec91896@bitmah.com
Request for Quotation,RFQ-QUO-2026-CUSTOM-DUTY-00065,Annual maintenance shutdown supplies,Both,Free on Road (FOR) Origin,Maintenance,Production,"TATA STEEL LIMITED-Registered, Mumbai, Maharashtra, 400063",Custom Duty,20,LC (Letter of Credit),witoh97990@bitmah.com
Request for Quotation,RFQ-QUO-2026-CUSTOM-DUTY-00066,Annual maintenance shutdown supplies,Indigenous,Free on Road (FOR) Origin,Sales,Finance,"TATA STEEL LIMITED-Registered, Mumbai, Maharashtra, 400063",Custom Duty,18,Milestone-Based Payment,pidecad161@acanok.com
Request for Quotation,RFQ-QUO-2026-EMERGENCY-RISK-00067,Standard procurement for inventory build-up,Import,Free on Road (FOR) Origin,Marketing,Finance,"TATA STEEL LIMITED-Registered, Mumbai, Maharashtra, 400063",EMERGENCY RISK SURCHARGE,8,PDC (Post-Dated Cheque),kewec91896@bitmah.com
Request for Proposal,RFQ-QUO-2026-DOCUMENTATION-CHARGES-00068,Urgent requirement for upcoming project deadline,Indigenous,Free on Road (FOR) Destination,Production,Maintenance,"TATA STEEL LIMITED-Registered, Mumbai, Maharashtra, 400063",Documentation Charges,4,CAD (Cash Against Delivery / Documents),witoh97990@bitmah.com
Request for Quotation,RFQ-QUO-2026-TRANSPORTATION-CHARGES-00069,Annual maintenance shutdown supplies,Both,Free on Road (FOR) Destination,Quality Assurance,Procurement,"TATA STEEL LIMITED-Registered, Mumbai, Maharashtra, 400063",Transportation Charges,4,PDC (Post-Dated Cheque),pidecad161@acanok.com
Request for Quotation,RFQ-QUO-2026-OTHERS-EXPENSES-00070,Compliance-driven procurement requirement,Import,"Cost, Insurance & Freight (CIF)",Maintenance,Procurement,"TATA STEEL LIMITED-Registered, Mumbai, Maharashtra, 400063",Others Expenses (Export),12,30% Advance 70% on Delivery,kewec91896@bitmah.com
Request for Quotation,RFQ-QUO-2026-CONCRETE-BREAKING-00071,Replacement for damaged equipment on site,Import,Delivered at Place (DAP),Procurement,Logistics,"TATA STEEL LIMITED-Registered, Mumbai, Maharashtra, 400063",CONCRETE BREAKING FOR PUMP HOUSE,50,Bank Guarantee (BG),witoh97990@bitmah.com
Request for Quotation,RFQ-QUO-2026-CONTAINER-HANDLING-00072,Emergency stock replenishment,Both,Free on Road (FOR) Destination,Sales,Finance,"TATA STEEL LIMITED-Registered, Mumbai, Maharashtra, 400063",Container Handling Services,18,Bank Guarantee (BG),pidecad161@acanok.com
Request for Proposal,RFQ-QUO-2026-TRANSPORTATION-CHARGES-00073,Vendor diversification initiative order,Both,Free on Road (FOR) Origin,DevOps,Stores,"TATA STEEL LIMITED-Registered, Mumbai, Maharashtra, 400063",Transportation Charges,14,50% Advance 50% on Delivery,kewec91896@bitmah.com
Request for Proposal,RFQ-QUO-2026-OTHERS-EXPENSES-00074,Bulk order for production line expansion,Import,Freight on Truck (FOT),Quality Assurance,Procurement,"TATA STEEL LIMITED-Registered, Mumbai, Maharashtra, 400063",Others Expenses (Export),1,Bank Guarantee (BG),witoh97990@bitmah.com
Request for Proposal,RFQ-QUO-2026-CONCRETE-BREAKING-00075,Bulk order for production line expansion,Indigenous,Delivered Duty Paid (DDP),Customer Support,Maintenance,"TATA STEEL LIMITED-Registered, Mumbai, Maharashtra, 400063",CONCRETE BREAKING FOR PUMP HOUSE,100,25% Advance 75% on Delivery,pidecad161@acanok.com
Request for Proposal,RFQ-QUO-2026-PRECARRIAGE-CHARGE-00076,Urgent requirement for upcoming project deadline,Indigenous,Ex-Works (EXW),Production,Stores,"TATA STEEL LIMITED-Registered, Mumbai, Maharashtra, 400063",PRECARRIAGE CHARGE,13,PDC (Post-Dated Cheque),kewec91896@bitmah.com
Request for Quotation,RFQ-QUO-2026-DOCUMENTATION-CHARGES-00077,Strategic sourcing for cost optimization,Import,Delivered Duty Paid (DDP),Legal,Production,"TATA STEEL LIMITED-Registered, Mumbai, Maharashtra, 400063",Documentation Charges,9,30% Advance 70% on Delivery,witoh97990@bitmah.com
Request for Quotation,RFQ-QUO-2026-OTHERS-EXPENSES-00078,Urgent requirement for upcoming project deadline,Import,Free on Board (FOB),Legal,Procurement,"TATA STEEL LIMITED-Registered, Mumbai, Maharashtra, 400063",Others Expenses (Export),2,PDC (Post-Dated Cheque),pidecad161@acanok.com
Request for Proposal,RFQ-QUO-2026-EMERGENCY-RISK-00079,Capex purchase for facility upgrade,Import,Door Delivery,Legal,Production,"TATA STEEL LIMITED-Registered, Mumbai, Maharashtra, 400063",EMERGENCY RISK SURCHARGE,15,RTGS / NEFT on Delivery,kewec91896@bitmah.com
Request for Proposal,RFQ-QUO-2026-CONCRETE-BREAKING-00080,Compliance-driven procurement requirement,Import,Freight on Truck (FOT),Product Management,Maintenance,"TATA STEEL LIMITED-Registered, Mumbai, Maharashtra, 400063",CONCRETE BREAKING FOR PUMP HOUSE,15,Milestone-Based Payment,witoh97990@bitmah.com
Request for Proposal,RFQ-QUO-2026-CONCRETE-BREAKING-00081,Annual maintenance shutdown supplies,Both,Delivered Duty Paid (DDP),Product Management,Production,"TATA STEEL LIMITED-Registered, Mumbai, Maharashtra, 400063",CONCRETE BREAKING FOR PUMP HOUSE,1000,PDC (Post-Dated Cheque),pidecad161@acanok.com
Request for Proposal,RFQ-QUO-2026-OTHERS-EXPENSES-00082,Plant commissioning phase requirement,Both,Cost & Freight (C&F),DevOps,Stores,"TATA STEEL LIMITED-Registered, Mumbai, Maharashtra, 400063",Others Expenses (Export),11,CAD (Cash Against Delivery / Documents),kewec91896@bitmah.com
Request for Proposal,RFQ-QUO-2026-CONTAINER-HANDLING-00083,Sample procurement for quality assessment,Indigenous,Ex-Works (EXW),Legal,Production,"TATA STEEL LIMITED-Registered, Mumbai, Maharashtra, 400063",Container Handling Services,4,25% Advance 75% on Delivery,witoh97990@bitmah.com
Request for Quotation,RFQ-QUO-2026-PROCESSING-CHARGES-00084,Critical spare for plant operations,Indigenous,Ex-Works (EXW),Marketing,Stores,"TATA STEEL LIMITED-Registered, Mumbai, Maharashtra, 400063",Processing Charges,6,Milestone-Based Payment,pidecad161@acanok.com
Request for Proposal,RFQ-QUO-2026-CONTAINER-HANDLING-00085,Strategic sourcing for cost optimization,Indigenous,"Cost, Insurance & Freight (CIF)",Engineering,Maintenance,"TATA STEEL LIMITED-Registered, Mumbai, Maharashtra, 400063",Container Handling Services,2,25% Advance 75% on Delivery,kewec91896@bitmah.com
Request for Proposal,RFQ-QUO-2026-PROCESSING-CHARGES-00086,Annual maintenance shutdown supplies,Both,Delivered Duty Paid (DDP),Stores,Maintenance,"TATA STEEL LIMITED-Registered, Mumbai, Maharashtra, 400063",Processing Charges,7,LC (Letter of Credit),witoh97990@bitmah.com
Request for Quotation,RFQ-QUO-2026-TERMINAL-HANDLING-00087,Special grade material for export order,Indigenous,Delivered Duty Paid (DDP),Customer Support,Production,"TATA STEEL LIMITED-Registered, Mumbai, Maharashtra, 400063",TERMINAL HANDLING CH,50,Bank Guarantee (BG),pidecad161@acanok.com
Request for Proposal,RFQ-QUO-2026-EMERGENCY-RISK-00088,Annual maintenance shutdown supplies,Indigenous,Freight on Truck (FOT),Production,Stores,"TATA STEEL LIMITED-Registered, Mumbai, Maharashtra, 400063",EMERGENCY RISK SURCHARGE,10,Milestone-Based Payment,kewec91896@bitmah.com
Request for Quotation,RFQ-QUO-2026-PROCESSING-CHARGES-00089,Critical spare for plant operations,Indigenous,Freight on Truck (FOT),Stores,Maintenance,"TATA STEEL LIMITED-Registered, Mumbai, Maharashtra, 400063",Processing Charges,12,CAD (Cash Against Delivery / Documents),witoh97990@bitmah.com
Request for Quotation,RFQ-QUO-2026-PRECARRIAGE-CHARGE-00090,Vendor diversification initiative order,Both,Ex-Works (EXW),Procurement,Production,"TATA STEEL LIMITED-Registered, Mumbai, Maharashtra, 400063",PRECARRIAGE CHARGE,8,50% Advance 50% on Delivery,pidecad161@acanok.com
Request for Proposal,RFQ-QUO-2026-TERMINAL-HANDLING-00091,Vendor diversification initiative order,Indigenous,"Cost, Insurance & Freight (CIF)",Stores,Finance,"TATA STEEL LIMITED-Registered, Mumbai, Maharashtra, 400063",TERMINAL HANDLING CH,25,50% Advance 50% on Delivery,kewec91896@bitmah.com
Request for Quotation,RFQ-QUO-2026-CONCRETE-BREAKING-00092,Routine consumables for daily operations,Both,Freight on Truck (FOT),Procurement,Finance,"TATA STEEL LIMITED-Registered, Mumbai, Maharashtra, 400063",CONCRETE BREAKING FOR FURNACE FLOOR,1000,LC (Letter of Credit),witoh97990@bitmah.com
Request for Quotation,RFQ-QUO-2026-TRANSPORTATION-CHARGES-00093,Urgent requirement for upcoming project deadline,Import,Free on Road (FOR) Destination,Procurement,Logistics,"TATA STEEL LIMITED-Registered, Mumbai, Maharashtra, 400063",Transportation Charges,14,Milestone-Based Payment,pidecad161@acanok.com
Request for Proposal,RFQ-QUO-2026-DOCUMENTATION-CHARGES-00094,Plant commissioning phase requirement,Indigenous,Free on Board (FOB),DevOps,Production,"TATA STEEL LIMITED-Registered, Mumbai, Maharashtra, 400063",Documentation Charges,8,30% Advance 70% on Delivery,kewec91896@bitmah.com
Request for Quotation,RFQ-QUO-2026-CUSTOM-DUTY-00095,Standard procurement for inventory build-up,Indigenous,Free on Road (FOR) Destination,Quality Assurance,Production,"TATA STEEL LIMITED-Registered, Mumbai, Maharashtra, 400063",Custom Duty,20,CAD (Cash Against Delivery / Documents),witoh97990@bitmah.com
Request for Quotation,RFQ-QUO-2026-SHIPPING-CLEARING-00096,Urgent requirement for upcoming project deadline,Import,Free on Road (FOR) Origin,Stores,Logistics,"TATA STEEL LIMITED-Registered, Mumbai, Maharashtra, 400063",Shipping & Clearing Charges,11,DA (Documents against Acceptance) / DP (Documents against Payment),pidecad161@acanok.com
Request for Proposal,RFQ-QUO-2026-TERMINAL-HANDLING-00097,Emergency stock replenishment,Import,"Cost, Insurance & Freight (CIF)",Production,Maintenance,"TATA STEEL LIMITED-Registered, Mumbai, Maharashtra, 400063",TERMINAL HANDLING CH,20,CAD (Cash Against Delivery / Documents),kewec91896@bitmah.com
Request for Quotation,RFQ-QUO-2026-OTHERS-EXPENSES-00098,Long-term supply agreement requirement,Indigenous,Cost & Freight (C&F),Stores,Maintenance,"TATA STEEL LIMITED-Registered, Mumbai, Maharashtra, 400063",Others Expenses (Export),4,Bank Guarantee (BG),witoh97990@bitmah.com
Request for Quotation,RFQ-QUO-2026-PROCESSING-CHARGES-00099,Long-term supply agreement requirement,Import,Freight on Truck (FOT),Finance,Finance,"TATA STEEL LIMITED-Registered, Mumbai, Maharashtra, 400063",Processing Charges,20,Milestone-Based Payment,pidecad161@acanok.com
Request for Quotation,RFQ-QUO-2026-CUSTOM-DUTY-00100,Pilot project trial order,Indigenous,Freight on Truck (FOT),Production,Maintenance,"TATA STEEL LIMITED-Registered, Mumbai, Maharashtra, 400063",Custom Duty,3,RTGS / NEFT on Delivery,kewec91896@bitmah.com
Request for Proposal,RFQ-QUO-2026-PRECARRIAGE-CHARGE-00101,New project setup material requirement,Import,"Cost, Insurance & Freight (CIF)",Logistics,Finance,"TATA STEEL LIMITED-Registered, Mumbai, Maharashtra, 400063",PRECARRIAGE CHARGE,6,50% Advance 50% on Delivery,witoh97990@bitmah.com
Request for Proposal,RFQ-QUO-2026-CONTAINER-HANDLING-00102,Routine consumables for daily operations,Indigenous,Ex-Works (EXW),Legal,Stores,"TATA STEEL LIMITED-Registered, Mumbai, Maharashtra, 400063",Container Handling Services,10,Bank Guarantee (BG),pidecad161@acanok.com
Request for Proposal,RFQ-QUO-2026-PROCESSING-CHARGES-00103,Special grade material for export order,Both,Free on Road (FOR) Destination,Customer Support,Finance,"TATA STEEL LIMITED-Registered, Mumbai, Maharashtra, 400063",Processing Charges,17,DA (Documents against Acceptance) / DP (Documents against Payment),kewec91896@bitmah.com
Request for Proposal,RFQ-QUO-2026-CONTAINER-HANDLING-00104,Vendor diversification initiative order,Both,Cost & Freight (C&F),Customer Support,Finance,"TATA STEEL LIMITED-Registered, Mumbai, Maharashtra, 400063",Container Handling Services,19,30% Advance 70% on Delivery,witoh97990@bitmah.com
Request for Proposal,RFQ-QUO-2026-CONCRETE-BREAKING-00105,Capex purchase for facility upgrade,Both,Freight on Truck (FOT),Finance,Procurement,"TATA STEEL LIMITED-Registered, Mumbai, Maharashtra, 400063",CONCRETE BREAKING FOR PUMP HOUSE,500,DA (Documents against Acceptance) / DP (Documents against Payment),pidecad161@acanok.com
Request for Quotation,RFQ-QUO-2026-CONCRETE-BREAKING-00106,Pilot project trial order,Both,Door Delivery,Maintenance,Logistics,"TATA STEEL LIMITED-Registered, Mumbai, Maharashtra, 400063",CONCRETE BREAKING FOR PUMP HOUSE,50,Milestone-Based Payment,kewec91896@bitmah.com
Request for Quotation,RFQ-QUO-2026-PROCESSING-CHARGES-00107,Pilot project trial order,Indigenous,Cost & Freight (C&F),Maintenance,Stores,"TATA STEEL LIMITED-Registered, Mumbai, Maharashtra, 400063",Processing Charges,10,DA (Documents against Acceptance) / DP (Documents against Payment),witoh97990@bitmah.com
Request for Quotation,RFQ-QUO-2026-TERMINAL-HANDLING-00108,Capex purchase for facility upgrade,Indigenous,Freight on Truck (FOT),Engineering,Maintenance,"TATA STEEL LIMITED-Registered, Mumbai, Maharashtra, 400063",TERMINAL HANDLING CH,500,50% Advance 50% on Delivery,pidecad161@acanok.com
Request for Quotation,RFQ-QUO-2026-EMERGENCY-RISK-00109,Capex purchase for facility upgrade,Import,Free on Road (FOR) Origin,Legal,Logistics,"TATA STEEL LIMITED-Registered, Mumbai, Maharashtra, 400063",EMERGENCY RISK SURCHARGE,12,Bank Guarantee (BG),kewec91896@bitmah.com
Request for Proposal,RFQ-QUO-2026-CUSTOM-DUTY-00110,Plant commissioning phase requirement,Indigenous,Cost & Freight (C&F),Finance,Maintenance,"TATA STEEL LIMITED-Registered, Mumbai, Maharashtra, 400063",Custom Duty,2,RTGS / NEFT on Delivery,witoh97990@bitmah.com
Request for Proposal,RFQ-QUO-2026-CONCRETE-BREAKING-00111,Critical spare for plant operations,Both,Free on Road (FOR) Destination,Customer Support,Maintenance,"TATA STEEL LIMITED-Registered, Mumbai, Maharashtra, 400063",CONCRETE BREAKING FOR FURNACE FLOOR,500,50% Advance 50% on Delivery,pidecad161@acanok.com
Request for Proposal,RFQ-QUO-2026-TERMINAL-HANDLING-00112,Annual maintenance shutdown supplies,Import,Delivered at Place (DAP),Stores,Logistics,"TATA STEEL LIMITED-Registered, Mumbai, Maharashtra, 400063",TERMINAL HANDLING CH,5,RTGS / NEFT on Delivery,kewec91896@bitmah.com
Request for Quotation,RFQ-QUO-2026-DOCUMENTATION-CHARGES-00113,Strategic sourcing for cost optimization,Indigenous,Door Delivery,Customer Support,Production,"TATA STEEL LIMITED-Registered, Mumbai, Maharashtra, 400063",Documentation Charges,12,PDC (Post-Dated Cheque),witoh97990@bitmah.com
Request for Proposal,RFQ-QUO-2026-TRANSPORTATION-CHARGES-00114,Compliance-driven procurement requirement,Indigenous,"Cost, Insurance & Freight (CIF)",Marketing,Logistics,"TATA STEEL LIMITED-Registered, Mumbai, Maharashtra, 400063",Transportation Charges,9,PDC (Post-Dated Cheque),pidecad161@acanok.com
Request for Quotation,RFQ-QUO-2026-CONCRETE-BREAKING-00115,Long-term supply agreement requirement,Import,Free on Road (FOR) Destination,Production,Procurement,"TATA STEEL LIMITED-Registered, Mumbai, Maharashtra, 400063",CONCRETE BREAKING FOR PUMP HOUSE,20,RTGS / NEFT on Delivery,kewec91896@bitmah.com
Request for Quotation,RFQ-QUO-2026-EMERGENCY-RISK-00116,New project setup material requirement,Both,Delivered at Place (DAP),Stores,Stores,"TATA STEEL LIMITED-Registered, Mumbai, Maharashtra, 400063",EMERGENCY RISK SURCHARGE,10,CAD (Cash Against Delivery / Documents),witoh97990@bitmah.com
Request for Proposal,RFQ-QUO-2026-CONCRETE-BREAKING-00117,Strategic sourcing for cost optimization,Import,Delivered Duty Paid (DDP),Quality Assurance,Logistics,"TATA STEEL LIMITED-Registered, Mumbai, Maharashtra, 400063",CONCRETE BREAKING FOR FURNACE FLOOR,200,50% Advance 50% on Delivery,pidecad161@acanok.com
Request for Quotation,RFQ-QUO-2026-SHIPPING-CLEARING-00118,Emergency stock replenishment,Import,Free on Road (FOR) Destination,Production,Finance,"TATA STEEL LIMITED-Registered, Mumbai, Maharashtra, 400063",Shipping & Clearing Charges,14,LC (Letter of Credit),kewec91896@bitmah.com
Request for Quotation,RFQ-QUO-2026-TERMINAL-HANDLING-00119,Routine consumables for daily operations,Both,Free on Road (FOR) Origin,Maintenance,Production,"TATA STEEL LIMITED-Registered, Mumbai, Maharashtra, 400063",TERMINAL HANDLING CH,1000,30% Advance 70% on Delivery,witoh97990@bitmah.com
Request for Proposal,RFQ-QUO-2026-PRECARRIAGE-CHARGE-00120,Emergency stock replenishment,Both,Freight on Truck (FOT),Logistics,Production,"TATA STEEL LIMITED-Registered, Mumbai, Maharashtra, 400063",PRECARRIAGE CHARGE,12,RTGS / NEFT on Delivery,pidecad161@acanok.com
Request for Quotation,RFQ-QUO-2026-PRECARRIAGE-CHARGE-00121,Critical spare for plant operations,Both,Delivered Duty Paid (DDP),Finance,Production,"TATA STEEL LIMITED-Registered, Mumbai, Maharashtra, 400063",PRECARRIAGE CHARGE,4,RTGS / NEFT on Delivery,kewec91896@bitmah.com
Request for Proposal,RFQ-QUO-2026-TERMINAL-HANDLING-00122,Annual maintenance shutdown supplies,Both,Delivered Duty Paid (DDP),Sales,Finance,"TATA STEEL LIMITED-Registered, Mumbai, Maharashtra, 400063",TERMINAL HANDLING CH,1000,CAD (Cash Against Delivery / Documents),witoh97990@bitmah.com
Request for Proposal,RFQ-QUO-2026-SHIPPING-CLEARING-00123,Pilot project trial order,Indigenous,"Cost, Insurance & Freight (CIF)",Quality Assurance,Maintenance,"TATA STEEL LIMITED-Registered, Mumbai, Maharashtra, 400063",Shipping & Clearing Charges,4,Milestone-Based Payment,pidecad161@acanok.com
Request for Proposal,RFQ-QUO-2026-CONTAINER-HANDLING-00124,Vendor diversification initiative order,Indigenous,Freight on Truck (FOT),Marketing,Finance,"TATA STEEL LIMITED-Registered, Mumbai, Maharashtra, 400063",Container Handling Services,4,50% Advance 50% on Delivery,kewec91896@bitmah.com
Request for Quotation,RFQ-QUO-2026-PROCESSING-CHARGES-00125,Special grade material for export order,Import,Ex-Works (EXW),Sales,Finance,"TATA STEEL LIMITED-Registered, Mumbai, Maharashtra, 400063",Processing Charges,20,CAD (Cash Against Delivery / Documents),witoh97990@bitmah.com
Request for Proposal,RFQ-QUO-2026-TRANSPORTATION-CHARGES-00126,Pilot project trial order,Both,Delivered Duty Paid (DDP),Logistics,Production,"TATA STEEL LIMITED-Registered, Mumbai, Maharashtra, 400063",Transportation Charges,12,LC (Letter of Credit),pidecad161@acanok.com
Request for Quotation,RFQ-QUO-2026-TERMINAL-HANDLING-00127,Pilot project trial order,Both,Freight on Truck (FOT),Procurement,Production,"TATA STEEL LIMITED-Registered, Mumbai, Maharashtra, 400063",TERMINAL HANDLING CH,5,RTGS / NEFT on Delivery,kewec91896@bitmah.com
Request for Quotation,RFQ-QUO-2026-PRECARRIAGE-CHARGE-00128,Special grade material for export order,Both,Door Delivery,Logistics,Production,"TATA STEEL LIMITED-Registered, Mumbai, Maharashtra, 400063",PRECARRIAGE CHARGE,2,LC (Letter of Credit),witoh97990@bitmah.com
Request for Quotation,RFQ-QUO-2026-SHIPPING-CLEARING-00129,New project setup material requirement,Both,Free on Road (FOR) Destination,Engineering,Maintenance,"TATA STEEL LIMITED-Registered, Mumbai, Maharashtra, 400063",Shipping & Clearing Charges,19,RTGS / NEFT on Delivery,pidecad161@acanok.com
Request for Proposal,RFQ-QUO-2026-CONTAINER-HANDLING-00130,Standard procurement for inventory build-up,Import,Delivered at Place (DAP),Customer Support,Logistics,"TATA STEEL LIMITED-Registered, Mumbai, Maharashtra, 400063",Container Handling Services,1,Milestone-Based Payment,kewec91896@bitmah.com
Request for Quotation,RFQ-QUO-2026-SHIPPING-CLEARING-00131,Emergency stock replenishment,Indigenous,Door Delivery,Legal,Production,"TATA STEEL LIMITED-Registered, Mumbai, Maharashtra, 400063",Shipping & Clearing Charges,11,30% Advance 70% on Delivery,witoh97990@bitmah.com
Request for Quotation,RFQ-QUO-2026-SHIPPING-CLEARING-00132,Standard procurement for inventory build-up,Import,Ex-Works (EXW),Customer Support,Maintenance,"TATA STEEL LIMITED-Registered, Mumbai, Maharashtra, 400063",Shipping & Clearing Charges,11,30% Advance 70% on Delivery,pidecad161@acanok.com
Request for Quotation,RFQ-QUO-2026-DOCUMENTATION-CHARGES-00133,Critical spare for plant operations,Both,Freight on Truck (FOT),Legal,Stores,"TATA STEEL LIMITED-Registered, Mumbai, Maharashtra, 400063",Documentation Charges,10,RTGS / NEFT on Delivery,kewec91896@bitmah.com
Request for Proposal,RFQ-QUO-2026-CONCRETE-BREAKING-00134,Sample procurement for quality assessment,Both,Door Delivery,Procurement,Logistics,"TATA STEEL LIMITED-Registered, Mumbai, Maharashtra, 400063",CONCRETE BREAKING FOR PUMP HOUSE,50,25% Advance 75% on Delivery,witoh97990@bitmah.com
Request for Proposal,RFQ-QUO-2026-OTHERS-EXPENSES-00135,Replacement for damaged equipment on site,Indigenous,Free on Road (FOR) Destination,Production,Stores,"TATA STEEL LIMITED-Registered, Mumbai, Maharashtra, 400063",Others Expenses (Export),13,LC (Letter of Credit),pidecad161@acanok.com
Request for Quotation,RFQ-QUO-2026-TRANSPORTATION-CHARGES-00136,Routine consumables for daily operations,Both,Free on Board (FOB),Legal,Procurement,"TATA STEEL LIMITED-Registered, Mumbai, Maharashtra, 400063",Transportation Charges,6,DA (Documents against Acceptance) / DP (Documents against Payment),kewec91896@bitmah.com
Request for Quotation,RFQ-QUO-2026-TRANSPORTATION-CHARGES-00137,Quarterly procurement as per annual contract,Import,Free on Road (FOR) Origin,Maintenance,Logistics,"TATA STEEL LIMITED-Registered, Mumbai, Maharashtra, 400063",Transportation Charges,1,50% Advance 50% on Delivery,witoh97990@bitmah.com
Request for Proposal,RFQ-QUO-2026-CONTAINER-HANDLING-00138,Long-term supply agreement requirement,Indigenous,Door Delivery,Sales,Stores,"TATA STEEL LIMITED-Registered, Mumbai, Maharashtra, 400063",Container Handling Services,5,RTGS / NEFT on Delivery,pidecad161@acanok.com
Request for Proposal,RFQ-QUO-2026-DOCUMENTATION-CHARGES-00139,Sample procurement for quality assessment,Both,Free on Road (FOR) Destination,Procurement,Maintenance,"TATA STEEL LIMITED-Registered, Mumbai, Maharashtra, 400063",Documentation Charges,12,Milestone-Based Payment,kewec91896@bitmah.com
Request for Quotation,RFQ-QUO-2026-CONCRETE-BREAKING-00140,Quarterly procurement as per annual contract,Both,Delivered Duty Paid (DDP),Procurement,Maintenance,"TATA STEEL LIMITED-Registered, Mumbai, Maharashtra, 400063",CONCRETE BREAKING FOR FURNACE FLOOR,500,Bank Guarantee (BG),witoh97990@bitmah.com
Request for Quotation,RFQ-QUO-2026-PRECARRIAGE-CHARGE-00141,Critical spare for plant operations,Indigenous,Free on Road (FOR) Destination,DevOps,Production,"TATA STEEL LIMITED-Registered, Mumbai, Maharashtra, 400063",PRECARRIAGE CHARGE,2,Bank Guarantee (BG),pidecad161@acanok.com
Request for Proposal,RFQ-QUO-2026-CONTAINER-HANDLING-00142,Capex purchase for facility upgrade,Both,Free on Board (FOB),Product Management,Stores,"TATA STEEL LIMITED-Registered, Mumbai, Maharashtra, 400063",Container Handling Services,18,Milestone-Based Payment,kewec91896@bitmah.com
Request for Proposal,RFQ-QUO-2026-CONTAINER-HANDLING-00143,New project setup material requirement,Indigenous,Delivered Duty Paid (DDP),Engineering,Stores,"TATA STEEL LIMITED-Registered, Mumbai, Maharashtra, 400063",Container Handling Services,13,LC (Letter of Credit),witoh97990@bitmah.com
Request for Quotation,RFQ-QUO-2026-DOCUMENTATION-CHARGES-00144,New project setup material requirement,Both,Free on Road (FOR) Origin,Customer Support,Stores,"TATA STEEL LIMITED-Registered, Mumbai, Maharashtra, 400063",Documentation Charges,16,RTGS / NEFT on Delivery,pidecad161@acanok.com
Request for Quotation,RFQ-QUO-2026-TRANSPORTATION-CHARGES-00145,Vendor diversification initiative order,Indigenous,Delivered at Place (DAP),Production,Procurement,"TATA STEEL LIMITED-Registered, Mumbai, Maharashtra, 400063",Transportation Charges,5,Bank Guarantee (BG),kewec91896@bitmah.com
Request for Proposal,RFQ-QUO-2026-SHIPPING-CLEARING-00146,Long-term supply agreement requirement,Import,Free on Road (FOR) Destination,Production,Logistics,"TATA STEEL LIMITED-Registered, Mumbai, Maharashtra, 400063",Shipping & Clearing Charges,3,DA (Documents against Acceptance) / DP (Documents against Payment),witoh97990@bitmah.com
Request for Quotation,RFQ-QUO-2026-OTHERS-EXPENSES-00147,Strategic sourcing for cost optimization,Indigenous,Delivered at Place (DAP),Sales,Finance,"TATA STEEL LIMITED-Registered, Mumbai, Maharashtra, 400063",Others Expenses (Export),7,Bank Guarantee (BG),pidecad161@acanok.com
Request for Quotation,RFQ-QUO-2026-SHIPPING-CLEARING-00148,Quarterly procurement as per annual contract,Both,Door Delivery,Quality Assurance,Maintenance,"TATA STEEL LIMITED-Registered, Mumbai, Maharashtra, 400063",Shipping & Clearing Charges,18,Bank Guarantee (BG),kewec91896@bitmah.com
Request for Quotation,RFQ-QUO-2026-DOCUMENTATION-CHARGES-00149,Sample procurement for quality assessment,Import,Delivered at Place (DAP),Maintenance,Stores,"TATA STEEL LIMITED-Registered, Mumbai, Maharashtra, 400063",Documentation Charges,10,Milestone-Based Payment,witoh97990@bitmah.com
Request for Quotation,RFQ-QUO-2026-TRANSPORTATION-CHARGES-00150,Sample procurement for quality assessment,Both,Ex-Works (EXW),Quality Assurance,Maintenance,"TATA STEEL LIMITED-Registered, Mumbai, Maharashtra, 400063",Transportation Charges,3,Bank Guarantee (BG),pidecad161@acanok.com
Request for Proposal,RFQ-QUO-2026-CONCRETE-BREAKING-00151,Replacement parts for routine maintenance,Both,Delivered Duty Paid (DDP),Engineering,Finance,"TATA STEEL LIMITED-Registered, Mumbai, Maharashtra, 400063",CONCRETE BREAKING FOR FURNACE FLOOR,1000,25% Advance 75% on Delivery,kewec91896@bitmah.com
Request for Proposal,RFQ-QUO-2026-CUSTOM-DUTY-00152,Standard procurement for inventory build-up,Both,Delivered Duty Paid (DDP),Production,Procurement,"TATA STEEL LIMITED-Registered, Mumbai, Maharashtra, 400063",Custom Duty,5,30% Advance 70% on Delivery,witoh97990@bitmah.com
Request for Proposal,RFQ-QUO-2026-CUSTOM-DUTY-00153,Replacement for damaged equipment on site,Import,Free on Road (FOR) Origin,Production,Maintenance,"TATA STEEL LIMITED-Registered, Mumbai, Maharashtra, 400063",Custom Duty,18,50% Advance 50% on Delivery,pidecad161@acanok.com
Request for Quotation,RFQ-QUO-2026-OTHERS-EXPENSES-00154,Urgent requirement for upcoming project deadline,Import,Free on Road (FOR) Destination,Finance,Procurement,"TATA STEEL LIMITED-Registered, Mumbai, Maharashtra, 400063",Others Expenses (Export),20,CAD (Cash Against Delivery / Documents),kewec91896@bitmah.com
Request for Proposal,RFQ-QUO-2026-CONCRETE-BREAKING-00155,Replacement for damaged equipment on site,Import,Delivered Duty Paid (DDP),Marketing,Logistics,"TATA STEEL LIMITED-Registered, Mumbai, Maharashtra, 400063",CONCRETE BREAKING FOR FURNACE FLOOR,50,25% Advance 75% on Delivery,witoh97990@bitmah.com
Request for Proposal,RFQ-QUO-2026-CUSTOM-DUTY-00156,Routine consumables for daily operations,Both,"Cost, Insurance & Freight (CIF)",DevOps,Maintenance,"TATA STEEL LIMITED-Registered, Mumbai, Maharashtra, 400063",Custom Duty,6,50% Advance 50% on Delivery,pidecad161@acanok.com
Request for Proposal,RFQ-QUO-2026-TRANSPORTATION-CHARGES-00157,Long-term supply agreement requirement,Both,Ex-Works (EXW),Procurement,Maintenance,"TATA STEEL LIMITED-Registered, Mumbai, Maharashtra, 400063",Transportation Charges,10,Bank Guarantee (BG),kewec91896@bitmah.com
Request for Proposal,RFQ-QUO-2026-CONCRETE-BREAKING-00158,Emergency stock replenishment,Import,Ex-Works (EXW),Maintenance,Procurement,"TATA STEEL LIMITED-Registered, Mumbai, Maharashtra, 400063",CONCRETE BREAKING FOR PUMP HOUSE,10,PDC (Post-Dated Cheque),witoh97990@bitmah.com
Request for Proposal,RFQ-QUO-2026-SHIPPING-CLEARING-00159,Compliance-driven procurement requirement,Import,Free on Road (FOR) Destination,Sales,Procurement,"TATA STEEL LIMITED-Registered, Mumbai, Maharashtra, 400063",Shipping & Clearing Charges,1,LC (Letter of Credit),pidecad161@acanok.com
Request for Quotation,RFQ-QUO-2026-CONCRETE-BREAKING-00160,Quarterly procurement as per annual contract,Import,Delivered at Place (DAP),Sales,Maintenance,"TATA STEEL LIMITED-Registered, Mumbai, Maharashtra, 400063",CONCRETE BREAKING FOR FURNACE FLOOR,250,50% Advance 50% on Delivery,kewec91896@bitmah.com
Request for Quotation,RFQ-QUO-2026-PRECARRIAGE-CHARGE-00161,Quarterly procurement as per annual contract,Both,Delivered Duty Paid (DDP),Stores,Stores,"TATA STEEL LIMITED-Registered, Mumbai, Maharashtra, 400063",PRECARRIAGE CHARGE,14,Bank Guarantee (BG),witoh97990@bitmah.com
Request for Proposal,RFQ-QUO-2026-SHIPPING-CLEARING-00162,Capex purchase for facility upgrade,Both,Cost & Freight (C&F),Sales,Stores,"TATA STEEL LIMITED-Registered, Mumbai, Maharashtra, 400063",Shipping & Clearing Charges,13,50% Advance 50% on Delivery,pidecad161@acanok.com
Request for Quotation,RFQ-QUO-2026-CUSTOM-DUTY-00163,Vendor diversification initiative order,Indigenous,"Cost, Insurance & Freight (CIF)",Procurement,Logistics,"TATA STEEL LIMITED-Registered, Mumbai, Maharashtra, 400063",Custom Duty,13,DA (Documents against Acceptance) / DP (Documents against Payment),kewec91896@bitmah.com
Request for Quotation,RFQ-QUO-2026-CUSTOM-DUTY-00164,Replacement for damaged equipment on site,Indigenous,"Cost, Insurance & Freight (CIF)",Engineering,Logistics,"TATA STEEL LIMITED-Registered, Mumbai, Maharashtra, 400063",Custom Duty,13,PDC (Post-Dated Cheque),witoh97990@bitmah.com
Request for Quotation,RFQ-QUO-2026-PRECARRIAGE-CHARGE-00165,Bulk order for production line expansion,Both,Delivered at Place (DAP),Production,Procurement,"TATA STEEL LIMITED-Registered, Mumbai, Maharashtra, 400063",PRECARRIAGE CHARGE,14,50% Advance 50% on Delivery,pidecad161@acanok.com
Request for Proposal,RFQ-QUO-2026-DOCUMENTATION-CHARGES-00166,Sample procurement for quality assessment,Import,Delivered Duty Paid (DDP),Legal,Production,"TATA STEEL LIMITED-Registered, Mumbai, Maharashtra, 400063",Documentation Charges,20,DA (Documents against Acceptance) / DP (Documents against Payment),kewec91896@bitmah.com
Request for Proposal,RFQ-QUO-2026-DOCUMENTATION-CHARGES-00167,Compliance-driven procurement requirement,Both,Ex-Works (EXW),Maintenance,Production,"TATA STEEL LIMITED-Registered, Mumbai, Maharashtra, 400063",Documentation Charges,3,Bank Guarantee (BG),witoh97990@bitmah.com
Request for Quotation,RFQ-QUO-2026-PROCESSING-CHARGES-00168,Special grade material for export order,Indigenous,Free on Board (FOB),Customer Support,Production,"TATA STEEL LIMITED-Registered, Mumbai, Maharashtra, 400063",Processing Charges,12,25% Advance 75% on Delivery,pidecad161@acanok.com
Request for Quotation,RFQ-QUO-2026-TERMINAL-HANDLING-00169,New project setup material requirement,Import,Ex-Works (EXW),Engineering,Maintenance,"TATA STEEL LIMITED-Registered, Mumbai, Maharashtra, 400063",TERMINAL HANDLING CH,250,RTGS / NEFT on Delivery,kewec91896@bitmah.com
Request for Quotation,RFQ-QUO-2026-CONTAINER-HANDLING-00170,Standard procurement for inventory build-up,Indigenous,Free on Road (FOR) Destination,Procurement,Finance,"TATA STEEL LIMITED-Registered, Mumbai, Maharashtra, 400063",Container Handling Services,14,50% Advance 50% on Delivery,witoh97990@bitmah.com
Request for Quotation,RFQ-QUO-2026-TERMINAL-HANDLING-00171,Compliance-driven procurement requirement,Indigenous,Door Delivery,Logistics,Stores,"TATA STEEL LIMITED-Registered, Mumbai, Maharashtra, 400063",TERMINAL HANDLING CH,10,RTGS / NEFT on Delivery,pidecad161@acanok.com
Request for Proposal,RFQ-QUO-2026-TERMINAL-HANDLING-00172,Compliance-driven procurement requirement,Indigenous,Cost & Freight (C&F),Legal,Logistics,"TATA STEEL LIMITED-Registered, Mumbai, Maharashtra, 400063",TERMINAL HANDLING CH,25,50% Advance 50% on Delivery,kewec91896@bitmah.com
Request for Proposal,RFQ-QUO-2026-TRANSPORTATION-CHARGES-00173,Vendor diversification initiative order,Both,Free on Road (FOR) Origin,Marketing,Maintenance,"TATA STEEL LIMITED-Registered, Mumbai, Maharashtra, 400063",Transportation Charges,15,CAD (Cash Against Delivery / Documents),witoh97990@bitmah.com
Request for Proposal,RFQ-QUO-2026-TRANSPORTATION-CHARGES-00174,Urgent requirement for upcoming project deadline,Both,Free on Board (FOB),Maintenance,Maintenance,"TATA STEEL LIMITED-Registered, Mumbai, Maharashtra, 400063",Transportation Charges,9,50% Advance 50% on Delivery,pidecad161@acanok.com
Request for Quotation,RFQ-QUO-2026-CUSTOM-DUTY-00175,Plant commissioning phase requirement,Import,Door Delivery,Logistics,Production,"TATA STEEL LIMITED-Registered, Mumbai, Maharashtra, 400063",Custom Duty,13,25% Advance 75% on Delivery,kewec91896@bitmah.com
Request for Proposal,RFQ-QUO-2026-PRECARRIAGE-CHARGE-00176,Plant commissioning phase requirement,Both,Ex-Works (EXW),DevOps,Maintenance,"TATA STEEL LIMITED-Registered, Mumbai, Maharashtra, 400063",PRECARRIAGE CHARGE,1,RTGS / NEFT on Delivery,witoh97990@bitmah.com
Request for Proposal,RFQ-QUO-2026-CONTAINER-HANDLING-00177,Emergency stock replenishment,Import,Delivered Duty Paid (DDP),Marketing,Finance,"TATA STEEL LIMITED-Registered, Mumbai, Maharashtra, 400063",Container Handling Services,16,25% Advance 75% on Delivery,pidecad161@acanok.com
Request for Quotation,RFQ-QUO-2026-PROCESSING-CHARGES-00178,Emergency stock replenishment,Indigenous,Ex-Works (EXW),DevOps,Logistics,"TATA STEEL LIMITED-Registered, Mumbai, Maharashtra, 400063",Processing Charges,13,30% Advance 70% on Delivery,kewec91896@bitmah.com
Request for Proposal,RFQ-QUO-2026-CONCRETE-BREAKING-00179,Annual maintenance shutdown supplies,Import,Cost & Freight (C&F),DevOps,Finance,"TATA STEEL LIMITED-Registered, Mumbai, Maharashtra, 400063",CONCRETE BREAKING FOR FURNACE FLOOR,20,DA (Documents against Acceptance) / DP (Documents against Payment),witoh97990@bitmah.com
Request for Quotation,RFQ-QUO-2026-PRECARRIAGE-CHARGE-00180,Strategic sourcing for cost optimization,Both,Free on Road (FOR) Origin,DevOps,Procurement,"TATA STEEL LIMITED-Registered, Mumbai, Maharashtra, 400063",PRECARRIAGE CHARGE,3,Milestone-Based Payment,pidecad161@acanok.com
Request for Quotation,RFQ-QUO-2026-CONCRETE-BREAKING-00181,Critical spare for plant operations,Indigenous,Ex-Works (EXW),Procurement,Stores,"TATA STEEL LIMITED-Registered, Mumbai, Maharashtra, 400063",CONCRETE BREAKING FOR FURNACE FLOOR,25,30% Advance 70% on Delivery,kewec91896@bitmah.com
Request for Quotation,RFQ-QUO-2026-TERMINAL-HANDLING-00182,Urgent requirement for upcoming project deadline,Indigenous,Ex-Works (EXW),Procurement,Stores,"TATA STEEL LIMITED-Registered, Mumbai, Maharashtra, 400063",TERMINAL HANDLING CH,150,CAD (Cash Against Delivery / Documents),witoh97990@bitmah.com
Request for Proposal,RFQ-QUO-2026-TRANSPORTATION-CHARGES-00183,Annual maintenance shutdown supplies,Both,Cost & Freight (C&F),DevOps,Production,"TATA STEEL LIMITED-Registered, Mumbai, Maharashtra, 400063",Transportation Charges,17,LC (Letter of Credit),pidecad161@acanok.com
Request for Proposal,RFQ-QUO-2026-CONCRETE-BREAKING-00184,Plant commissioning phase requirement,Indigenous,Delivered at Place (DAP),Maintenance,Procurement,"TATA STEEL LIMITED-Registered, Mumbai, Maharashtra, 400063",CONCRETE BREAKING FOR FURNACE FLOOR,200,Milestone-Based Payment,kewec91896@bitmah.com
Request for Quotation,RFQ-QUO-2026-EMERGENCY-RISK-00185,Pilot project trial order,Indigenous,"Cost, Insurance & Freight (CIF)",Maintenance,Finance,"TATA STEEL LIMITED-Registered, Mumbai, Maharashtra, 400063",EMERGENCY RISK SURCHARGE,6,DA (Documents against Acceptance) / DP (Documents against Payment),witoh97990@bitmah.com
Request for Proposal,RFQ-QUO-2026-CONTAINER-HANDLING-00186,Sample procurement for quality assessment,Indigenous,Free on Road (FOR) Destination,Customer Support,Maintenance,"TATA STEEL LIMITED-Registered, Mumbai, Maharashtra, 400063",Container Handling Services,11,LC (Letter of Credit),pidecad161@acanok.com
Request for Proposal,RFQ-QUO-2026-DOCUMENTATION-CHARGES-00187,Annual maintenance shutdown supplies,Import,Ex-Works (EXW),Quality Assurance,Maintenance,"TATA STEEL LIMITED-Registered, Mumbai, Maharashtra, 400063",Documentation Charges,4,25% Advance 75% on Delivery,kewec91896@bitmah.com
Request for Proposal,RFQ-QUO-2026-DOCUMENTATION-CHARGES-00188,Plant commissioning phase requirement,Indigenous,Cost & Freight (C&F),Legal,Finance,"TATA STEEL LIMITED-Registered, Mumbai, Maharashtra, 400063",Documentation Charges,3,RTGS / NEFT on Delivery,witoh97990@bitmah.com
Request for Proposal,RFQ-QUO-2026-OTHERS-EXPENSES-00189,Vendor diversification initiative order,Import,"Cost, Insurance & Freight (CIF)",Stores,Logistics,"TATA STEEL LIMITED-Registered, Mumbai, Maharashtra, 400063",Others Expenses (Export),8,50% Advance 50% on Delivery,pidecad161@acanok.com
Request for Proposal,RFQ-QUO-2026-CONCRETE-BREAKING-00190,Strategic sourcing for cost optimization,Indigenous,Ex-Works (EXW),Maintenance,Maintenance,"TATA STEEL LIMITED-Registered, Mumbai, Maharashtra, 400063",CONCRETE BREAKING FOR FURNACE FLOOR,200,Milestone-Based Payment,kewec91896@bitmah.com
Request for Proposal,RFQ-QUO-2026-TERMINAL-HANDLING-00191,Critical spare for plant operations,Indigenous,Free on Board (FOB),Sales,Procurement,"TATA STEEL LIMITED-Registered, Mumbai, Maharashtra, 400063",TERMINAL HANDLING CH,250,Milestone-Based Payment,witoh97990@bitmah.com
Request for Quotation,RFQ-QUO-2026-OTHERS-EXPENSES-00192,Strategic sourcing for cost optimization,Indigenous,Free on Road (FOR) Destination,Marketing,Production,"TATA STEEL LIMITED-Registered, Mumbai, Maharashtra, 400063",Others Expenses (Export),13,50% Advance 50% on Delivery,pidecad161@acanok.com
Request for Proposal,RFQ-QUO-2026-PRECARRIAGE-CHARGE-00193,Long-term supply agreement requirement,Both,Cost & Freight (C&F),DevOps,Finance,"TATA STEEL LIMITED-Registered, Mumbai, Maharashtra, 400063",PRECARRIAGE CHARGE,2,Milestone-Based Payment,kewec91896@bitmah.com
Request for Proposal,RFQ-QUO-2026-CONCRETE-BREAKING-00194,Strategic sourcing for cost optimization,Import,Free on Board (FOB),Engineering,Production,"TATA STEEL LIMITED-Registered, Mumbai, Maharashtra, 400063",CONCRETE BREAKING FOR PUMP HOUSE,250,RTGS / NEFT on Delivery,witoh97990@bitmah.com
Request for Proposal,RFQ-QUO-2026-CONTAINER-HANDLING-00195,Critical spare for plant operations,Indigenous,Freight on Truck (FOT),Marketing,Stores,"TATA STEEL LIMITED-Registered, Mumbai, Maharashtra, 400063",Container Handling Services,7,30% Advance 70% on Delivery,pidecad161@acanok.com
Request for Quotation,RFQ-QUO-2026-TERMINAL-HANDLING-00196,Annual maintenance shutdown supplies,Both,Door Delivery,Finance,Procurement,"TATA STEEL LIMITED-Registered, Mumbai, Maharashtra, 400063",TERMINAL HANDLING CH,1000,DA (Documents against Acceptance) / DP (Documents against Payment),kewec91896@bitmah.com
Request for Quotation,RFQ-QUO-2026-SHIPPING-CLEARING-00197,Plant commissioning phase requirement,Import,Delivered Duty Paid (DDP),Procurement,Production,"TATA STEEL LIMITED-Registered, Mumbai, Maharashtra, 400063",Shipping & Clearing Charges,9,Milestone-Based Payment,witoh97990@bitmah.com
Request for Proposal,RFQ-QUO-2026-EMERGENCY-RISK-00198,Emergency stock replenishment,Both,Free on Board (FOB),Quality Assurance,Procurement,"TATA STEEL LIMITED-Registered, Mumbai, Maharashtra, 400063",EMERGENCY RISK SURCHARGE,14,50% Advance 50% on Delivery,pidecad161@acanok.com
Request for Proposal,RFQ-QUO-2026-OTHERS-EXPENSES-00199,Strategic sourcing for cost optimization,Both,Delivered at Place (DAP),Product Management,Stores,"TATA STEEL LIMITED-Registered, Mumbai, Maharashtra, 400063",Others Expenses (Export),18,Milestone-Based Payment,kewec91896@bitmah.com
Request for Quotation,RFQ-QUO-2026-SHIPPING-CLEARING-00200,Annual maintenance shutdown supplies,Both,"Cost, Insurance & Freight (CIF)",Sales,Finance,"TATA STEEL LIMITED-Registered, Mumbai, Maharashtra, 400063",Shipping & Clearing Charges,11,25% Advance 75% on Delivery,witoh97990@bitmah.com
